id,category,common_name,slug,diagnostic,prompt,status
1,Bass,Largemouth Bass,largemouth_bass,"olive-green with a dark blotchy horizontal stripe down the side, upper jaw extending past the rear of the eye, deep notch between the two dorsal fins","Cartoon-style illustration of a Largemouth Bass. olive-green with a dark blotchy horizontal stripe down the side, upper jaw extending past the rear of the eye, deep notch between the two dorsal fins. Full lateral profile facing left, entire animal inside the frame, clean bold outlines, smooth soft shading, slightly saturated natural coloration, flat plain white background, no water, no scenery, no shadow, no text or labels, even lighting from the upper left, centered",
2,Bass,Smallmouth Bass,smallmouth_bass,"bronze-brown with dark vertical bars, upper jaw ending below the eye, red-brown eye, shallow notch between dorsal fins","Cartoon-style illustration of a Smallmouth Bass. bronze-brown with dark vertical bars, upper jaw ending below the eye, red-brown eye, shallow notch between dorsal fins. Full lateral profile facing left, entire animal inside the frame, clean bold outlines, smooth soft shading, slightly saturated natural coloration, flat plain white background, no water, no scenery, no shadow, no text or labels, even lighting from the upper left, centered",
3,Bass,Spotted Bass,spotted_bass,"olive with a broken lateral blotch stripe and distinct rows of small dark spots below the lateral line, jaw ending level with the eye","Cartoon-style illustration of a Spotted Bass. olive with a broken lateral blotch stripe and distinct rows of small dark spots below the lateral line, jaw ending level with the eye. Full lateral profile facing left, entire animal inside the frame, clean bold outlines, smooth soft shading, slightly saturated natural coloration, flat plain white background, no water, no scenery, no shadow, no text or labels, even lighting from the upper left, centered",
4,Bass,Striped Bass,striped_bass,"streamlined silver body with seven or eight unbroken dark horizontal stripes, two clearly separated dorsal fins","Cartoon-style illustration of a Striped Bass. streamlined silver body with seven or eight unbroken dark horizontal stripes, two clearly separated dorsal fins. Full lateral profile facing left, entire animal inside the frame, clean bold outlines, smooth soft shading, slightly saturated natural coloration, flat plain white background, no water, no scenery, no shadow, no text or labels, even lighting from the upper left, centered",
5,Bass,White Bass,white_bass,"deep compressed silvery body, faint and broken horizontal stripes, high arched back","Cartoon-style illustration of a White Bass. deep compressed silvery body, faint and broken horizontal stripes, high arched back. Full lateral profile facing left, entire animal inside the frame, clean bold outlines, smooth soft shading, slightly saturated natural coloration, flat plain white background, no water, no scenery, no shadow, no text or labels, even lighting from the upper left, centered",
6,Bass,Yellow Bass,yellow_bass,"brassy gold body with dark stripes that are distinctly offset and broken toward the belly, deep body","Cartoon-style illustration of a Yellow Bass. brassy gold body with dark stripes that are distinctly offset and broken toward the belly, deep body. Full lateral profile facing left, entire animal inside the frame, clean bold outlines, smooth soft shading, slightly saturated natural coloration, flat plain white background, no water, no scenery, no shadow, no text or labels, even lighting from the upper left, centered",
7,Bass,Rock Bass,rock_bass,"sunfish-shaped brassy olive body, bright red eye, rows of dark spots following the scale rows","Cartoon-style illustration of a Rock Bass. sunfish-shaped brassy olive body, bright red eye, rows of dark spots following the scale rows. Full lateral profile facing left, entire animal inside the frame, clean bold outlines, smooth soft shading, slightly saturated natural coloration, flat plain white background, no water, no scenery, no shadow, no text or labels, even lighting from the upper left, centered",
8,Bass,Guadalupe Bass,guadalupe_bass,"small olive-green bass with dark lateral blotches extending low onto the belly, slender profile","Cartoon-style illustration of a Guadalupe Bass. small olive-green bass with dark lateral blotches extending low onto the belly, slender profile. Full lateral profile facing left, entire animal inside the frame, clean bold outlines, smooth soft shading, slightly saturated natural coloration, flat plain white background, no water, no scenery, no shadow, no text or labels, even lighting from the upper left, centered",
9,Trout & Salmon,Rainbow Trout,rainbow_trout,"silvery olive-green with a broad pink-red lateral band, heavy small black spotting across the body and the whole tail, white mouth","Cartoon-style illustration of a Rainbow Trout. silvery olive-green with a broad pink-red lateral band, heavy small black spotting across the body and the whole tail, white mouth. Full lateral profile facing left, entire animal inside the frame, clean bold outlines, smooth soft shading, slightly saturated natural coloration, flat plain white background, no water, no scenery, no shadow, no text or labels, even lighting from the upper left, centered",
10,Trout & Salmon,Brown Trout,brown_trout,"golden-brown with black and red-orange spots ringed by pale halos, few or no spots on the tail","Cartoon-style illustration of a Brown Trout. golden-brown with black and red-orange spots ringed by pale halos, few or no spots on the tail. Full lateral profile facing left, entire animal inside the frame, clean bold outlines, smooth soft shading, slightly saturated natural coloration, flat plain white background, no water, no scenery, no shadow, no text or labels, even lighting from the upper left, centered",
11,Trout & Salmon,Brook Trout,brook_trout,"dark olive back with pale worm-like vermiculation, red spots with blue halos on the flanks, white leading edges on the orange lower fins","Cartoon-style illustration of a Brook Trout. dark olive back with pale worm-like vermiculation, red spots with blue halos on the flanks, white leading edges on the orange lower fins. Full lateral profile facing left, entire animal inside the frame, clean bold outlines, smooth soft shading, slightly saturated natural coloration, flat plain white background, no water, no scenery, no shadow, no text or labels, even lighting from the upper left, centered",
12,Trout & Salmon,Lake Trout,lake_trout,"grey-green with irregular pale cream spots over the body, deeply forked tail","Cartoon-style illustration of a Lake Trout. grey-green with irregular pale cream spots over the body, deeply forked tail. Full lateral profile facing left, entire animal inside the frame, clean bold outlines, smooth soft shading, slightly saturated natural coloration, flat plain white background, no water, no scenery, no shadow, no text or labels, even lighting from the upper left, centered",
13,Trout & Salmon,Bull Trout,bull_trout,"olive-green with pale yellow and orange spots, no black spots on the dorsal fin, notably large head","Cartoon-style illustration of a Bull Trout. olive-green with pale yellow and orange spots, no black spots on the dorsal fin, notably large head. Full lateral profile facing left, entire animal inside the frame, clean bold outlines, smooth soft shading, slightly saturated natural coloration, flat plain white background, no water, no scenery, no shadow, no text or labels, even lighting from the upper left, centered",
14,Trout & Salmon,Cutthroat Trout,cutthroat_trout,"olive-gold with a vivid red-orange slash under each side of the lower jaw, spotting heaviest toward the tail","Cartoon-style illustration of a Cutthroat Trout. olive-gold with a vivid red-orange slash under each side of the lower jaw, spotting heaviest toward the tail. Full lateral profile facing left, entire animal inside the frame, clean bold outlines, smooth soft shading, slightly saturated natural coloration, flat plain white background, no water, no scenery, no shadow, no text or labels, even lighting from the upper left, centered",
15,Trout & Salmon,Chinook Salmon,chinook_salmon,"blue-green back, black spots on both lobes of the tail, black gums inside the mouth, thick body","Cartoon-style illustration of a Chinook Salmon. blue-green back, black spots on both lobes of the tail, black gums inside the mouth, thick body. Full lateral profile facing left, entire animal inside the frame, clean bold outlines, smooth soft shading, slightly saturated natural coloration, flat plain white background, no water, no scenery, no shadow, no text or labels, even lighting from the upper left, centered",
16,Trout & Salmon,Coho Salmon,coho_salmon,"silver-blue with black spots only on the upper lobe of the tail, white gums with a dark tongue","Cartoon-style illustration of a Coho Salmon. silver-blue with black spots only on the upper lobe of the tail, white gums with a dark tongue. Full lateral profile facing left, entire animal inside the frame, clean bold outlines, smooth soft shading, slightly saturated natural coloration, flat plain white background, no water, no scenery, no shadow, no text or labels, even lighting from the upper left, centered",
17,Trout & Salmon,Atlantic Salmon,atlantic_salmon,"bright silver with scattered black X-shaped and cross-shaped marks above the lateral line, narrow caudal peduncle","Cartoon-style illustration of an Atlantic Salmon. bright silver with scattered black X-shaped and cross-shaped marks above the lateral line, narrow caudal peduncle. Full lateral profile facing left, entire animal inside the frame, clean bold outlines, smooth soft shading, slightly saturated natural coloration, flat plain white background, no water, no scenery, no shadow, no text or labels, even lighting from the upper left, centered",
18,Trout & Salmon,Sockeye Salmon,sockeye_salmon,"spawning form: brilliant crimson-red body with a bright green head and no distinct spotting, humped back","Cartoon-style illustration of a Sockeye Salmon. spawning form: brilliant crimson-red body with a bright green head and no distinct spotting, humped back. Full lateral profile facing left, entire animal inside the frame, clean bold outlines, smooth soft shading, slightly saturated natural coloration, flat plain white background, no water, no scenery, no shadow, no text or labels, even lighting from the upper left, centered",
19,Trout & Salmon,Steelhead,steelhead,"sea-run rainbow trout: chrome-silver flanks with only a faint pink band and sparse fine black spotting, more streamlined than a resident rainbow","Cartoon-style illustration of a Steelhead. sea-run rainbow trout: chrome-silver flanks with only a faint pink band and sparse fine black spotting, more streamlined than a resident rainbow. Full lateral profile facing left, entire animal inside the frame, clean bold outlines, smooth soft shading, slightly saturated natural coloration, flat plain white background, no water, no scenery, no shadow, no text or labels, even lighting from the upper left, centered",
20,Panfish,Bluegill,bluegill,"deep round compressed body, solid black opercular ear flap, dark blotch at the rear base of the soft dorsal fin, faint vertical bars, very small mouth","Cartoon-style illustration of a Bluegill. deep round compressed body, solid black opercular ear flap, dark blotch at the rear base of the soft dorsal fin, faint vertical bars, very small mouth. Full lateral profile facing left, entire animal inside the frame, clean bold outlines, smooth soft shading, slightly saturated natural coloration, flat plain white background, no water, no scenery, no shadow, no text or labels, even lighting from the upper left, centered",
21,Panfish,Redear Sunfish,redear_sunfish,"deep olive body with a bright red-orange crescent on the margin of the black ear flap, small mouth","Cartoon-style illustration of a Redear Sunfish. deep olive body with a bright red-orange crescent on the margin of the black ear flap, small mouth. Full lateral profile facing left, entire animal inside the frame, clean bold outlines, smooth soft shading, slightly saturated natural coloration, flat plain white background, no water, no scenery, no shadow, no text or labels, even lighting from the upper left, centered",
22,Panfish,Green Sunfish,green_sunfish,"elongated body with a noticeably larger mouth than a bluegill, blue-green wavy lines on the cheek, pale yellow-white fin margins","Cartoon-style illustration of a Green Sunfish. elongated body with a noticeably larger mouth than a bluegill, blue-green wavy lines on the cheek, pale yellow-white fin margins. Full lateral profile facing left, entire animal inside the frame, clean bold outlines, smooth soft shading, slightly saturated natural coloration, flat plain white background, no water, no scenery, no shadow, no text or labels, even lighting from the upper left, centered",
23,Panfish,Pumpkinseed,pumpkinseed,"olive body speckled with orange and gold, wavy blue lines across the cheek, bright red-orange spot at the edge of the ear flap","Cartoon-style illustration of a Pumpkinseed. olive body speckled with orange and gold, wavy blue lines across the cheek, bright red-orange spot at the edge of the ear flap. Full lateral profile facing left, entire animal inside the frame, clean bold outlines, smooth soft shading, slightly saturated natural coloration, flat plain white background, no water, no scenery, no shadow, no text or labels, even lighting from the upper left, centered",
24,Panfish,Warmouth,warmouth,"mottled dark red-brown body, large mouth, three to five dark lines radiating backward from a red eye","Cartoon-style illustration of a Warmouth. mottled dark red-brown body, large mouth, three to five dark lines radiating backward from a red eye. Full lateral profile facing left, entire animal inside the frame, clean bold outlines, smooth soft shading, slightly saturated natural coloration, flat plain white background, no water, no scenery, no shadow, no text or labels, even lighting from the upper left, centered",
25,Panfish,Longear Sunfish,longear_sunfish,"orange-red body with wavy blue lines on the head, very long flexible dark ear flap edged in white","Cartoon-style illustration of a Longear Sunfish. orange-red body with wavy blue lines on the head, very long flexible dark ear flap edged in white. Full lateral profile facing left, entire animal inside the frame, clean bold outlines, smooth soft shading, slightly saturated natural coloration, flat plain white background, no water, no scenery, no shadow, no text or labels, even lighting from the upper left, centered",
26,Panfish,Black Crappie,black_crappie,deep silvery compressed body with irregular scattered black speckling and seven or eight dorsal spines,"Cartoon-style illustration of a Black Crappie. deep silvery compressed body with irregular scattered black speckling and seven or eight dorsal spines. Full lateral profile facing left, entire animal inside the frame, clean bold outlines, smooth soft shading, slightly saturated natural coloration, flat plain white background, no water, no scenery, no shadow, no text or labels, even lighting from the upper left, centered",
27,Panfish,White Crappie,white_crappie,"silvery compressed body with dark markings organized into faint vertical bars, five or six dorsal spines, more elongated than black crappie","Cartoon-style illustration of a White Crappie. silvery compressed body with dark markings organized into faint vertical bars, five or six dorsal spines, more elongated than black crappie. Full lateral profile facing left, entire animal inside the frame, clean bold outlines, smooth soft shading, slightly saturated natural coloration, flat plain white background, no water, no scenery, no shadow, no text or labels, even lighting from the upper left, centered",
28,Panfish,Yellow Perch,yellow_perch,"golden-yellow body with six to eight dark vertical bars, orange lower fins, two separate dorsal fins","Cartoon-style illustration of a Yellow Perch. golden-yellow body with six to eight dark vertical bars, orange lower fins, two separate dorsal fins. Full lateral profile facing left, entire animal inside the frame, clean bold outlines, smooth soft shading, slightly saturated natural coloration, flat plain white background, no water, no scenery, no shadow, no text or labels, even lighting from the upper left, centered",
29,Panfish,White Perch,white_perch,"plain silvery-grey deep body with no bars in the adult, arched back, two joined dorsal fins","Cartoon-style illustration of a White Perch. plain silvery-grey deep body with no bars in the adult, arched back, two joined dorsal fins. Full lateral profile facing left, entire animal inside the frame, clean bold outlines, smooth soft shading, slightly saturated natural coloration, flat plain white background, no water, no scenery, no shadow, no text or labels, even lighting from the upper left, centered",
30,Panfish,Redbreast Sunfish,redbreast_sunfish,"bright orange-red breast, long narrow all-black ear flap, blue streaks across the cheek","Cartoon-style illustration of a Redbreast Sunfish. bright orange-red breast, long narrow all-black ear flap, blue streaks across the cheek. Full lateral profile facing left, entire animal inside the frame, clean bold outlines, smooth soft shading, slightly saturated natural coloration, flat plain white background, no water, no scenery, no shadow, no text or labels, even lighting from the upper left, centered",
31,Catfish,Channel Catfish,channel_catfish,"slender silvery-olive body with scattered small dark spots, deeply forked tail, long whisker barbels","Cartoon-style illustration of a Channel Catfish. slender silvery-olive body with scattered small dark spots, deeply forked tail, long whisker barbels. Full lateral profile facing left, entire animal inside the frame, clean bold outlines, smooth soft shading, slightly saturated natural coloration, flat plain white background, no water, no scenery, no shadow, no text or labels, even lighting from the upper left, centered",
32,Catfish,Blue Catfish,blue_catfish,"slate blue-grey unspotted body, deeply forked tail, straight-edged anal fin with a long base","Cartoon-style illustration of a Blue Catfish. slate blue-grey unspotted body, deeply forked tail, straight-edged anal fin with a long base. Full lateral profile facing left, entire animal inside the frame, clean bold outlines, smooth soft shading, slightly saturated natural coloration, flat plain white background, no water, no scenery, no shadow, no text or labels, even lighting from the upper left, centered",
33,Catfish,Flathead Catfish,flathead_catfish,"mottled yellow-brown body, broad flattened head, protruding lower jaw, squared tail that is NOT forked, small high-set eyes","Cartoon-style illustration of a Flathead Catfish. mottled yellow-brown body, broad flattened head, protruding lower jaw, squared tail that is NOT forked, small high-set eyes. Full lateral profile facing left, entire animal inside the frame, clean bold outlines, smooth soft shading, slightly saturated natural coloration, flat plain white background, no water, no scenery, no shadow, no text or labels, even lighting from the upper left, centered",
34,Catfish,Black Bullhead,black_bullhead,"stocky dark body, black chin barbels, squared tail with a pale bar at its base","Cartoon-style illustration of a Black Bullhead. stocky dark body, black chin barbels, squared tail with a pale bar at its base. Full lateral profile facing left, entire animal inside the frame, clean bold outlines, smooth soft shading, slightly saturated natural coloration, flat plain white background, no water, no scenery, no shadow, no text or labels, even lighting from the upper left, centered",
35,Catfish,Brown Bullhead,brown_bullhead,"mottled brown body, dark mottled chin barbels, slightly notched tail","Cartoon-style illustration of a Brown Bullhead. mottled brown body, dark mottled chin barbels, slightly notched tail. Full lateral profile facing left, entire animal inside the frame, clean bold outlines, smooth soft shading, slightly saturated natural coloration, flat plain white background, no water, no scenery, no shadow, no text or labels, even lighting from the upper left, centered",
36,Catfish,Yellow Bullhead,yellow_bullhead,"yellow-olive body with clean white or pale yellow chin barbels, rounded tail","Cartoon-style illustration of a Yellow Bullhead. yellow-olive body with clean white or pale yellow chin barbels, rounded tail. Full lateral profile facing left, entire animal inside the frame, clean bold outlines, smooth soft shading, slightly saturated natural coloration, flat plain white background, no water, no scenery, no shadow, no text or labels, even lighting from the upper left, centered",
37,Catfish,Madtom,madtom,"very small mottled brown catfish with the adipose fin fused to the tail fin, stout barbels","Cartoon-style illustration of a Madtom. very small mottled brown catfish with the adipose fin fused to the tail fin, stout barbels. Full lateral profile facing left, entire animal inside the frame, clean bold outlines, smooth soft shading, slightly saturated natural coloration, flat plain white background, no water, no scenery, no shadow, no text or labels, even lighting from the upper left, centered",
38,Pike & Muskie,Northern Pike,northern_pike,"long torpedo body, flat duck-bill snout, rows of light bean-shaped spots on a dark green background, rounded tail lobes","Cartoon-style illustration of a Northern Pike. long torpedo body, flat duck-bill snout, rows of light bean-shaped spots on a dark green background, rounded tail lobes. Full lateral profile facing left, entire animal inside the frame, clean bold outlines, smooth soft shading, slightly saturated natural coloration, flat plain white background, no water, no scenery, no shadow, no text or labels, even lighting from the upper left, centered",
39,Pike & Muskie,Muskellunge,muskellunge,"long body with dark vertical bars and spots on a light silver-olive background, the reverse of a pike's pattern, pointed tail lobes","Cartoon-style illustration of a Muskellunge. long body with dark vertical bars and spots on a light silver-olive background, the reverse of a pike's pattern, pointed tail lobes. Full lateral profile facing left, entire animal inside the frame, clean bold outlines, smooth soft shading, slightly saturated natural coloration, flat plain white background, no water, no scenery, no shadow, no text or labels, even lighting from the upper left, centered",
40,Pike & Muskie,Tiger Muskie,tiger_muskie,"bold irregular dark vertical tiger stripes over a gold-green background, rounded fins, hybrid build","Cartoon-style illustration of a Tiger Muskie. bold irregular dark vertical tiger stripes over a gold-green background, rounded fins, hybrid build. Full lateral profile facing left, entire animal inside the frame, clean bold outlines, smooth soft shading, slightly saturated natural coloration, flat plain white background, no water, no scenery, no shadow, no text or labels, even lighting from the upper left, centered",
41,Pike & Muskie,Chain Pickerel,chain_pickerel,"slender green body with a bold dark chain-link reticulated pattern, dark vertical teardrop bar below the eye","Cartoon-style illustration of a Chain Pickerel. slender green body with a bold dark chain-link reticulated pattern, dark vertical teardrop bar below the eye. Full lateral profile facing left, entire animal inside the frame, clean bold outlines, smooth soft shading, slightly saturated natural coloration, flat plain white background, no water, no scenery, no shadow, no text or labels, even lighting from the upper left, centered",
42,Pike & Muskie,Redfin Pickerel,redfin_pickerel,small slender pickerel with orange-red fins and a dark teardrop bar below the eye,"Cartoon-style illustration of a Redfin Pickerel. small slender pickerel with orange-red fins and a dark teardrop bar below the eye. Full lateral profile facing left, entire animal inside the frame, clean bold outlines, smooth soft shading, slightly saturated natural coloration, flat plain white background, no water, no scenery, no shadow, no text or labels, even lighting from the upper left, centered",
43,Walleye & Sauger,Walleye,walleye,"gold-olive body, large glassy opaque white eye, dark blotch at the rear of the spiny dorsal fin, distinct white tip on the lower tail lobe","Cartoon-style illustration of a Walleye. gold-olive body, large glassy opaque white eye, dark blotch at the rear of the spiny dorsal fin, distinct white tip on the lower tail lobe. Full lateral profile facing left, entire animal inside the frame, clean bold outlines, smooth soft shading, slightly saturated natural coloration, flat plain white background, no water, no scenery, no shadow, no text or labels, even lighting from the upper left, centered",
44,Walleye & Sauger,Sauger,sauger,"brassy body with dark saddle-shaped blotches, rows of distinct spots across the spiny dorsal fin, no white tail tip","Cartoon-style illustration of a Sauger. brassy body with dark saddle-shaped blotches, rows of distinct spots across the spiny dorsal fin, no white tail tip. Full lateral profile facing left, entire animal inside the frame, clean bold outlines, smooth soft shading, slightly saturated natural coloration, flat plain white background, no water, no scenery, no shadow, no text or labels, even lighting from the upper left, centered",
45,Walleye & Sauger,Saugeye,saugeye,"hybrid intermediate: faint dark saddles plus some spotting on the spiny dorsal, faint white tail tip","Cartoon-style illustration of a Saugeye. hybrid intermediate: faint dark saddles plus some spotting on the spiny dorsal, faint white tail tip. Full lateral profile facing left, entire animal inside the frame, clean bold outlines, smooth soft shading, slightly saturated natural coloration, flat plain white background, no water, no scenery, no shadow, no text or labels, even lighting from the upper left, centered",
46,"Carp, Gar & Rough Fish",Common Carp,common_carp,"heavy brassy-gold body with large visible scales, two pairs of barbels at the mouth, long serrated dorsal fin","Cartoon-style illustration of a Common Carp. heavy brassy-gold body with large visible scales, two pairs of barbels at the mouth, long serrated dorsal fin. Full lateral profile facing left, entire animal inside the frame, clean bold outlines, smooth soft shading, slightly saturated natural coloration, flat plain white background, no water, no scenery, no shadow, no text or labels, even lighting from the upper left, centered",
47,"Carp, Gar & Rough Fish",Grass Carp,grass_carp,"elongated olive-silver body with large dark-edged scales, no barbels, short dorsal fin, blunt head","Cartoon-style illustration of a Grass Carp. elongated olive-silver body with large dark-edged scales, no barbels, short dorsal fin, blunt head. Full lateral profile facing left, entire animal inside the frame, clean bold outlines, smooth soft shading, slightly saturated natural coloration, flat plain white background, no water, no scenery, no shadow, no text or labels, even lighting from the upper left, centered",
48,"Carp, Gar & Rough Fish",Bighead Carp,bighead_carp,"very large head with low-set eyes below the mouth line, dark grey blotchy mottling, no barbels","Cartoon-style illustration of a Bighead Carp. very large head with low-set eyes below the mouth line, dark grey blotchy mottling, no barbels. Full lateral profile facing left, entire animal inside the frame, clean bold outlines, smooth soft shading, slightly saturated natural coloration, flat plain white background, no water, no scenery, no shadow, no text or labels, even lighting from the upper left, centered",
49,"Carp, Gar & Rough Fish",Silver Carp,silver_carp,"bright silver body, smaller head than bighead, eyes set very low, upturned mouth, keeled belly","Cartoon-style illustration of a Silver Carp. bright silver body, smaller head than bighead, eyes set very low, upturned mouth, keeled belly. Full lateral profile facing left, entire animal inside the frame, clean bold outlines, smooth soft shading, slightly saturated natural coloration, flat plain white background, no water, no scenery, no shadow, no text or labels, even lighting from the upper left, centered",
50,"Carp, Gar & Rough Fish",Bigmouth Buffalo,bigmouth_buffalo,"dark bronze sucker-like body with a large terminal mouth angled upward, long dorsal fin","Cartoon-style illustration of a Bigmouth Buffalo. dark bronze sucker-like body with a large terminal mouth angled upward, long dorsal fin. Full lateral profile facing left, entire animal inside the frame, clean bold outlines, smooth soft shading, slightly saturated natural coloration, flat plain white background, no water, no scenery, no shadow, no text or labels, even lighting from the upper left, centered",
51,"Carp, Gar & Rough Fish",Smallmouth Buffalo,smallmouth_buffalo,bronze body with a steeply arched back and a small downturned subterminal mouth,"Cartoon-style illustration of a Smallmouth Buffalo. bronze body with a steeply arched back and a small downturned subterminal mouth. Full lateral profile facing left, entire animal inside the frame, clean bold outlines, smooth soft shading, slightly saturated natural coloration, flat plain white background, no water, no scenery, no shadow, no text or labels, even lighting from the upper left, centered",
52,"Carp, Gar & Rough Fish",Black Buffalo,black_buffalo,"dark bronze-black cylindrical body, mouth intermediate between the other buffalo species","Cartoon-style illustration of a Black Buffalo. dark bronze-black cylindrical body, mouth intermediate between the other buffalo species. Full lateral profile facing left, entire animal inside the frame, clean bold outlines, smooth soft shading, slightly saturated natural coloration, flat plain white background, no water, no scenery, no shadow, no text or labels, even lighting from the upper left, centered",
53,"Carp, Gar & Rough Fish",Freshwater Drum,freshwater_drum,"silvery body with a high arched back, blunt snout with a subterminal mouth, rounded tail","Cartoon-style illustration of a Freshwater Drum. silvery body with a high arched back, blunt snout with a subterminal mouth, rounded tail. Full lateral profile facing left, entire animal inside the frame, clean bold outlines, smooth soft shading, slightly saturated natural coloration, flat plain white background, no water, no scenery, no shadow, no text or labels, even lighting from the upper left, centered",
54,"Carp, Gar & Rough Fish",Bowfin,bowfin,"long cylindrical olive body, very long undulating dorsal fin running most of the back, bony plated head, black eyespot ringed in orange at the tail base","Cartoon-style illustration of a Bowfin. long cylindrical olive body, very long undulating dorsal fin running most of the back, bony plated head, black eyespot ringed in orange at the tail base. Full lateral profile facing left, entire animal inside the frame, clean bold outlines, smooth soft shading, slightly saturated natural coloration, flat plain white background, no water, no scenery, no shadow, no text or labels, even lighting from the upper left, centered",
55,"Carp, Gar & Rough Fish",Longnose Gar,longnose_gar,"cylindrical armored body with an extremely long narrow toothed beak roughly twice the length of the head, diamond-shaped scales","Cartoon-style illustration of a Longnose Gar. cylindrical armored body with an extremely long narrow toothed beak roughly twice the length of the head, diamond-shaped scales. Full lateral profile facing left, entire animal inside the frame, clean bold outlines, smooth soft shading, slightly saturated natural coloration, flat plain white background, no water, no scenery, no shadow, no text or labels, even lighting from the upper left, centered",
56,"Carp, Gar & Rough Fish",Shortnose Gar,shortnose_gar,cylindrical olive-brown gar with a short broad snout and dark spots on the rear fins,"Cartoon-style illustration of a Shortnose Gar. cylindrical olive-brown gar with a short broad snout and dark spots on the rear fins. Full lateral profile facing left, entire animal inside the frame, clean bold outlines, smooth soft shading, slightly saturated natural coloration, flat plain white background, no water, no scenery, no shadow, no text or labels, even lighting from the upper left, centered",
57,"Carp, Gar & Rough Fish",Spotted Gar,spotted_gar,"gar with bold dark round spots across the head, body, and all fins, medium-length snout","Cartoon-style illustration of a Spotted Gar. gar with bold dark round spots across the head, body, and all fins, medium-length snout. Full lateral profile facing left, entire animal inside the frame, clean bold outlines, smooth soft shading, slightly saturated natural coloration, flat plain white background, no water, no scenery, no shadow, no text or labels, even lighting from the upper left, centered",
58,"Carp, Gar & Rough Fish",Alligator Gar,alligator_gar,massive heavy-bodied gar with a broad short alligator-like snout and two rows of teeth in the upper jaw,"Cartoon-style illustration of an Alligator Gar. massive heavy-bodied gar with a broad short alligator-like snout and two rows of teeth in the upper jaw. Full lateral profile facing left, entire animal inside the frame, clean bold outlines, smooth soft shading, slightly saturated natural coloration, flat plain white background, no water, no scenery, no shadow, no text or labels, even lighting from the upper left, centered",
59,"Carp, Gar & Rough Fish",Quillback,quillback,"deep silvery compressed sucker with a dramatically elongated first dorsal ray forming a tall quill, downturned mouth","Cartoon-style illustration of a Quillback. deep silvery compressed sucker with a dramatically elongated first dorsal ray forming a tall quill, downturned mouth. Full lateral profile facing left, entire animal inside the frame, clean bold outlines, smooth soft shading, slightly saturated natural coloration, flat plain white background, no water, no scenery, no shadow, no text or labels, even lighting from the upper left, centered",
60,Sturgeon,Lake Sturgeon,lake_sturgeon,"olive-brown prehistoric body with five rows of bony scutes, four barbels ahead of a protrusible mouth, shark-like upturned tail","Cartoon-style illustration of a Lake Sturgeon. olive-brown prehistoric body with five rows of bony scutes, four barbels ahead of a protrusible mouth, shark-like upturned tail. Full lateral profile facing left, entire animal inside the frame, clean bold outlines, smooth soft shading, slightly saturated natural coloration, flat plain white background, no water, no scenery, no shadow, no text or labels, even lighting from the upper left, centered",
61,Sturgeon,White Sturgeon,white_sturgeon,very large grey sturgeon with a short blunt snout and barbels set closer to the snout tip than the mouth,"Cartoon-style illustration of a White Sturgeon. very large grey sturgeon with a short blunt snout and barbels set closer to the snout tip than the mouth. Full lateral profile facing left, entire animal inside the frame, clean bold outlines, smooth soft shading, slightly saturated natural coloration, flat plain white background, no water, no scenery, no shadow, no text or labels, even lighting from the upper left, centered",
62,Sturgeon,Shovelnose Sturgeon,shovelnose_sturgeon,small pale sturgeon with a broad flattened shovel-shaped snout and a long trailing filament on the upper tail lobe,"Cartoon-style illustration of a Shovelnose Sturgeon. small pale sturgeon with a broad flattened shovel-shaped snout and a long trailing filament on the upper tail lobe. Full lateral profile facing left, entire animal inside the frame, clean bold outlines, smooth soft shading, slightly saturated natural coloration, flat plain white background, no water, no scenery, no shadow, no text or labels, even lighting from the upper left, centered",
63,Sturgeon,Pallid Sturgeon,pallid_sturgeon,pale grey-white slender sturgeon with a long flattened pointed snout,"Cartoon-style illustration of a Pallid Sturgeon. pale grey-white slender sturgeon with a long flattened pointed snout. Full lateral profile facing left, entire animal inside the frame, clean bold outlines, smooth soft shading, slightly saturated natural coloration, flat plain white background, no water, no scenery, no shadow, no text or labels, even lighting from the upper left, centered",
64,Other Freshwater Fish,Cisco,cisco,"slender silvery herring-like body with a terminal mouth, small adipose fin, deeply forked tail","Cartoon-style illustration of a Cisco. slender silvery herring-like body with a terminal mouth, small adipose fin, deeply forked tail. Full lateral profile facing left, entire animal inside the frame, clean bold outlines, smooth soft shading, slightly saturated natural coloration, flat plain white background, no water, no scenery, no shadow, no text or labels, even lighting from the upper left, centered",
65,Other Freshwater Fish,Lake Whitefish,lake_whitefish,silvery body with a distinctly humped back behind the head and a small subterminal mouth beneath a blunt snout,"Cartoon-style illustration of a Lake Whitefish. silvery body with a distinctly humped back behind the head and a small subterminal mouth beneath a blunt snout. Full lateral profile facing left, entire animal inside the frame, clean bold outlines, smooth soft shading, slightly saturated natural coloration, flat plain white background, no water, no scenery, no shadow, no text or labels, even lighting from the upper left, centered",
66,Other Freshwater Fish,Burbot,burbot,"elongated eel-like cod with mottled brown and yellow marbling, a single barbel on the chin, very long second dorsal fin","Cartoon-style illustration of a Burbot. elongated eel-like cod with mottled brown and yellow marbling, a single barbel on the chin, very long second dorsal fin. Full lateral profile facing left, entire animal inside the frame, clean bold outlines, smooth soft shading, slightly saturated natural coloration, flat plain white background, no water, no scenery, no shadow, no text or labels, even lighting from the upper left, centered",
67,Other Freshwater Fish,Mooneye,mooneye,deep compressed bright silver body with a very large silver eye and a keeled belly,"Cartoon-style illustration of a Mooneye. deep compressed bright silver body with a very large silver eye and a keeled belly. Full lateral profile facing left, entire animal inside the frame, clean bold outlines, smooth soft shading, slightly saturated natural coloration, flat plain white background, no water, no scenery, no shadow, no text or labels, even lighting from the upper left, centered",
68,Other Freshwater Fish,Goldeye,goldeye,deep compressed silver body with a striking gold-yellow eye and a fleshy keel along the belly,"Cartoon-style illustration of a Goldeye. deep compressed silver body with a striking gold-yellow eye and a fleshy keel along the belly. Full lateral profile facing left, entire animal inside the frame, clean bold outlines, smooth soft shading, slightly saturated natural coloration, flat plain white background, no water, no scenery, no shadow, no text or labels, even lighting from the upper left, centered",
69,Other Freshwater Fish,American Shad,american_shad,"deep compressed silver body with a row of dark shoulder spots behind the gill, sharp sawtooth belly scutes, deeply forked tail","Cartoon-style illustration of an American Shad. deep compressed silver body with a row of dark shoulder spots behind the gill, sharp sawtooth belly scutes, deeply forked tail. Full lateral profile facing left, entire animal inside the frame, clean bold outlines, smooth soft shading, slightly saturated natural coloration, flat plain white background, no water, no scenery, no shadow, no text or labels, even lighting from the upper left, centered",
70,Other Freshwater Fish,Hickory Shad,hickory_shad,silver compressed body with a lower jaw projecting well past the upper and a single faint shoulder spot,"Cartoon-style illustration of a Hickory Shad. silver compressed body with a lower jaw projecting well past the upper and a single faint shoulder spot. Full lateral profile facing left, entire animal inside the frame, clean bold outlines, smooth soft shading, slightly saturated natural coloration, flat plain white background, no water, no scenery, no shadow, no text or labels, even lighting from the upper left, centered",
71,Other Freshwater Fish,White Sucker,white_sucker,"cylindrical olive-brown body fading to a white belly, ventral sucker mouth with thick fleshy lips","Cartoon-style illustration of a White Sucker. cylindrical olive-brown body fading to a white belly, ventral sucker mouth with thick fleshy lips. Full lateral profile facing left, entire animal inside the frame, clean bold outlines, smooth soft shading, slightly saturated natural coloration, flat plain white background, no water, no scenery, no shadow, no text or labels, even lighting from the upper left, centered",
72,Other Freshwater Fish,Longnose Sucker,longnose_sucker,dark olive elongated sucker with a long fleshy snout overhanging the mouth,"Cartoon-style illustration of a Longnose Sucker. dark olive elongated sucker with a long fleshy snout overhanging the mouth. Full lateral profile facing left, entire animal inside the frame, clean bold outlines, smooth soft shading, slightly saturated natural coloration, flat plain white background, no water, no scenery, no shadow, no text or labels, even lighting from the upper left, centered",
73,Other Freshwater Fish,Redhorse Sucker,redhorse_sucker,"bronze-gold sucker body with bright red-orange tail and lower fins, thick-lipped ventral mouth","Cartoon-style illustration of a Redhorse Sucker. bronze-gold sucker body with bright red-orange tail and lower fins, thick-lipped ventral mouth. Full lateral profile facing left, entire animal inside the frame, clean bold outlines, smooth soft shading, slightly saturated natural coloration, flat plain white background, no water, no scenery, no shadow, no text or labels, even lighting from the upper left, centered",
74,Turtles,Common Snapping Turtle,common_snapping_turtle,"massive head with a strongly hooked beak, rough ridged carapace, very long saw-toothed tail, small cross-shaped plastron","Cartoon-style illustration of a Common Snapping Turtle. massive head with a strongly hooked beak, rough ridged carapace, very long saw-toothed tail, small cross-shaped plastron. Three-quarter view from slightly above and in front, angled to the left, showing the full carapace pattern and the head, entire animal inside the frame, clean bold outlines, smooth soft shading, slightly saturated natural coloration, flat plain white background, no water, no scenery, no shadow, no text or labels, even lighting from the upper left, centered",
75,Turtles,Common Musk Turtle,common_musk_turtle,"small dark domed shell, two pale yellow stripes running along the head, small barbels beneath the chin","Cartoon-style illustration of a Common Musk Turtle. small dark domed shell, two pale yellow stripes running along the head, small barbels beneath the chin. Three-quarter view from slightly above and in front, angled to the left, showing the full carapace pattern and the head, entire animal inside the frame, clean bold outlines, smooth soft shading, slightly saturated natural coloration, flat plain white background, no water, no scenery, no shadow, no text or labels, even lighting from the upper left, centered",
76,Turtles,Painted Turtle,painted_turtle,"smooth flattened olive shell edged with red bars on the marginal scutes, yellow head stripes, red-orange plastron","Cartoon-style illustration of a Painted Turtle. smooth flattened olive shell edged with red bars on the marginal scutes, yellow head stripes, red-orange plastron. Three-quarter view from slightly above and in front, angled to the left, showing the full carapace pattern and the head, entire animal inside the frame, clean bold outlines, smooth soft shading, slightly saturated natural coloration, flat plain white background, no water, no scenery, no shadow, no text or labels, even lighting from the upper left, centered",
77,Turtles,Red-Eared Slider,red_eared_slider,olive-green shell with yellow striping and a prominent broad red stripe just behind each eye,"Cartoon-style illustration of a Red-Eared Slider. olive-green shell with yellow striping and a prominent broad red stripe just behind each eye. Three-quarter view from slightly above and in front, angled to the left, showing the full carapace pattern and the head, entire animal inside the frame, clean bold outlines, smooth soft shading, slightly saturated natural coloration, flat plain white background, no water, no scenery, no shadow, no text or labels, even lighting from the upper left, centered",
78,Turtles,Map Turtle,map_turtle,"olive shell marked with fine contour-line map patterning, a raised keel ridge down the back, thin yellow head lines","Cartoon-style illustration of a Map Turtle. olive shell marked with fine contour-line map patterning, a raised keel ridge down the back, thin yellow head lines. Three-quarter view from slightly above and in front, angled to the left, showing the full carapace pattern and the head, entire animal inside the frame, clean bold outlines, smooth soft shading, slightly saturated natural coloration, flat plain white background, no water, no scenery, no shadow, no text or labels, even lighting from the upper left, centered",
79,Turtles,Spiny Softshell Turtle,spiny_softshell_turtle,"flat leathery pancake-shaped olive shell with small spines along the front edge, long neck and a tubular snorkel snout","Cartoon-style illustration of a Spiny Softshell Turtle. flat leathery pancake-shaped olive shell with small spines along the front edge, long neck and a tubular snorkel snout. Three-quarter view from slightly above and in front, angled to the left, showing the full carapace pattern and the head, entire animal inside the frame, clean bold outlines, smooth soft shading, slightly saturated natural coloration, flat plain white background, no water, no scenery, no shadow, no text or labels, even lighting from the upper left, centered",
80,Turtles,Florida Softshell Turtle,florida_softshell_turtle,"dark grey-brown leathery shell with a bumpy front margin, very wide flattened body, long neck and tubular snout","Cartoon-style illustration of a Florida Softshell Turtle. dark grey-brown leathery shell with a bumpy front margin, very wide flattened body, long neck and tubular snout. Three-quarter view from slightly above and in front, angled to the left, showing the full carapace pattern and the head, entire animal inside the frame, clean bold outlines, smooth soft shading, slightly saturated natural coloration, flat plain white background, no water, no scenery, no shadow, no text or labels, even lighting from the upper left, centered",
81,Turtles,Alligator Snapping Turtle,alligator_snapping_turtle,"three prominent ridged keels running down a spiked carapace, enormous armored head with a strongly hooked beak, long tail","Cartoon-style illustration of an Alligator Snapping Turtle. three prominent ridged keels running down a spiked carapace, enormous armored head with a strongly hooked beak, long tail. Three-quarter view from slightly above and in front, angled to the left, showing the full carapace pattern and the head, entire animal inside the frame, clean bold outlines, smooth soft shading, slightly saturated natural coloration, flat plain white background, no water, no scenery, no shadow, no text or labels, even lighting from the upper left, centered",
82,Turtles,Diamondback Terrapin,diamondback_terrapin,"grey shell marked with concentric diamond growth rings, pale grey skin covered in fine black speckles","Cartoon-style illustration of a Diamondback Terrapin. grey shell marked with concentric diamond growth rings, pale grey skin covered in fine black speckles. Three-quarter view from slightly above and in front, angled to the left, showing the full carapace pattern and the head, entire animal inside the frame, clean bold outlines, smooth soft shading, slightly saturated natural coloration, flat plain white background, no water, no scenery, no shadow, no text or labels, even lighting from the upper left, centered",
83,Turtles,Chicken Turtle,chicken_turtle,"very long striped neck, narrow oval shell with a fine net-like pattern, bold yellow striping on the hind legs","Cartoon-style illustration of a Chicken Turtle. very long striped neck, narrow oval shell with a fine net-like pattern, bold yellow striping on the hind legs. Three-quarter view from slightly above and in front, angled to the left, showing the full carapace pattern and the head, entire animal inside the frame, clean bold outlines, smooth soft shading, slightly saturated natural coloration, flat plain white background, no water, no scenery, no shadow, no text or labels, even lighting from the upper left, centered",
84,Turtles,Spotted Turtle,spotted_turtle,"small smooth black shell scattered with round bright yellow spots, black head with yellow spots","Cartoon-style illustration of a Spotted Turtle. small smooth black shell scattered with round bright yellow spots, black head with yellow spots. Three-quarter view from slightly above and in front, angled to the left, showing the full carapace pattern and the head, entire animal inside the frame, clean bold outlines, smooth soft shading, slightly saturated natural coloration, flat plain white background, no water, no scenery, no shadow, no text or labels, even lighting from the upper left, centered",
85,Turtles,Box Turtle,box_turtle,"high domed shell with radiating orange and yellow patterning, hinged plastron that closes tight","Cartoon-style illustration of a Box Turtle. high domed shell with radiating orange and yellow patterning, hinged plastron that closes tight. Three-quarter view from slightly above and in front, angled to the left, showing the full carapace pattern and the head, entire animal inside the frame, clean bold outlines, smooth soft shading, slightly saturated natural coloration, flat plain white background, no water, no scenery, no shadow, no text or labels, even lighting from the upper left, centered",
86,Amphibians & Other,American Bullfrog,american_bullfrog,"large green-brown frog with a prominent round eardrum behind the eye, no ridges along the back, heavily webbed hind feet","Cartoon-style illustration of an American Bullfrog. large green-brown frog with a prominent round eardrum behind the eye, no ridges along the back, heavily webbed hind feet. Three-quarter view from the front and slightly above, facing left, entire animal inside the frame, clean bold outlines, smooth soft shading, slightly saturated natural coloration, flat plain white background, no water, no scenery, no shadow, no text or labels, even lighting from the upper left, centered",
87,Amphibians & Other,American Eel,american_eel,long snake-like bronze-olive body with a single continuous dorsal fin running to the tail and small rounded pectoral fins,"Cartoon-style illustration of an American Eel. long snake-like bronze-olive body with a single continuous dorsal fin running to the tail and small rounded pectoral fins. Lateral view held in a gentle S-curve so the full length fits the frame, head to the left, clean bold outlines, smooth soft shading, slightly saturated natural coloration, flat plain white background, no water, no scenery, no shadow, no text or labels, even lighting from the upper left, centered",
88,Amphibians & Other,Crayfish,crayfish,"red-brown lobster-like crustacean with large front claws, segmented body and a fanned tail","Cartoon-style illustration of a Crayfish. red-brown lobster-like crustacean with large front claws, segmented body and a fanned tail. Top-down dorsal view with the claws forward, entire animal inside the frame, clean bold outlines, smooth soft shading, slightly saturated natural coloration, flat plain white background, no water, no scenery, no shadow, no text or labels, even lighting from the upper left, centered",
89,Amphibians & Other,Freshwater Mussel,freshwater_mussel,elongated oval bivalve shell in dark brown with visible concentric growth rings and iridescent nacre at the opening,"Cartoon-style illustration of a Freshwater Mussel. elongated oval bivalve shell in dark brown with visible concentric growth rings and iridescent nacre at the opening. Three-quarter view of the closed shell tilted to show the growth rings and a sliver of the nacre inside, clean bold outlines, smooth soft shading, slightly saturated natural coloration, flat plain white background, no water, no scenery, no shadow, no text or labels, even lighting from the upper left, centered",
90,Amphibians & Other,Freshwater Shrimp,freshwater_shrimp,small translucent grey shrimp with a curved body and long antennae,"Cartoon-style illustration of a Freshwater Shrimp. small translucent grey shrimp with a curved body and long antennae. Full lateral profile facing left, entire animal inside the frame, clean bold outlines, smooth soft shading, slightly saturated natural coloration, flat plain white background, no water, no scenery, no shadow, no text or labels, even lighting from the upper left, centered",
91,Amphibians & Other,Salamander,salamander,"elongated smooth-skinned amphibian with four short legs, a long tail, and mottled dark markings","Cartoon-style illustration of a Salamander. elongated smooth-skinned amphibian with four short legs, a long tail, and mottled dark markings. Three-quarter view from above, angled to the left, entire animal inside the frame, clean bold outlines, smooth soft shading, slightly saturated natural coloration, flat plain white background, no water, no scenery, no shadow, no text or labels, even lighting from the upper left, centered",
